Name,Volumen,Notes,Sample,Phospho
VNELSKDIGSESTEDQAMEDIK,122014,sp|P02662|CASA1_BOVIN,Exp1,2
QLEIVPNSAEERLHSM,56096,sp|P02662|CASA1_BOVIN,Exp1,1
NSAEERLHSM,19839,sp|P02662|CASA1_BOVIN,Exp1,1
YKVPQLEIVPNSAEERLHSM,24913,sp|P02662|CASA1_BOVIN,Exp1,1
EKVNELSKDIGSESTEDQAMEDIK,87539,sp|P02662|CASA1_BOVIN,Exp1,1
KYKVPQLEIVPNSAEERLHSMK,98266,sp|P02662|CASA1_BOVIN,Exp1,1
VPQLEIVPNSAEERLHSM,60589,sp|P02662|CASA1_BOVIN,Exp1,1
QYTDAPSFSDIPNPIGSENSEKTTMPLW,161477,sp|P02662|CASA1_BOVIN,Exp1,0
QYTDAPSFSDIPNPIGSENSEKTTMPLW,243681,sp|P02662|CASA1_BOVIN,Exp1,0
QYTDAPSFSDIPNPIGSENSEKTTMPLW,121443,sp|P02662|CASA1_BOVIN,Exp1,0
QYTDAPSFSDIPNPIGSENSEKTTMP,20354,sp|P02662|CASA1_BOVIN,Exp1,0
SDIPNPIGSENSEKTTMP,326648,sp|P02662|CASA1_BOVIN,Exp1,0
DIPNPIGSENSEKTTMP,337053,sp|P02662|CASA1_BOVIN,Exp1,0
SDIPNPIGSENSEKTTMP,321395,sp|P02662|CASA1_BOVIN,Exp1,0
SDIPNPIGSENSEKTTMP,66863,sp|P02662|CASA1_BOVIN,Exp1,0
SDIPNPIGSENSEKTTMP,555528,sp|P02662|CASA1_BOVIN,Exp1,0
SDIPNPIGSENSEKTTMPLW,339456,sp|P02662|CASA1_BOVIN,Exp1,0
TDAPSFSDIPNPIGSENSEKTTMPLW,71775,sp|P02662|CASA1_BOVIN,Exp1,0
QKEDVPSERY,975758,sp|P02662|CASA1_BOVIN,Exp1,0
QKEDVPSERY,11255,sp|P02662|CASA1_BOVIN,Exp1,0
QLEIVPNSAEERLHSM,123263,sp|P02662|CASA1_BOVIN,Exp1,0
QLEIVPNSAEERLHSM,24529,sp|P02662|CASA1_BOVIN,Exp1,0
QYTDAPSFSDIPNPIGSENSEKTTMP,54428,sp|P02662|CASA1_BOVIN,Exp1,0
QYTDAPSFSDIPNPIGSENSEKTTMPLW,66031,sp|P02662|CASA1_BOVIN,Exp1,0
HIQKEDVPSER,228457,sp|P02662|CASA1_BOVIN,Exp1,0
FVAPFPEVF,105335,sp|P02662|CASA1_BOVIN,Exp1,0
HIQKEDVPSE,73076,sp|P02662|CASA1_BOVIN,Exp1,0
IPNPIGSENSEKTTMP,28911,sp|P02662|CASA1_BOVIN,Exp1,0
KEDVPSERY,11614,sp|P02662|CASA1_BOVIN,Exp1,0
HIQKEDVPSERY,980146,sp|P02662|CASA1_BOVIN,Exp1,0
EVFGKEKVNE,26027,sp|P02662|CASA1_BOVIN,Exp1,0
FFVAPFPEVFG,13716,sp|P02662|CASA1_BOVIN,Exp1,0
IQKEDVPSERY,78015,sp|P02662|CASA1_BOVIN,Exp1,0
IGSENSEKTTMP,235003,sp|P02662|CASA1_BOVIN,Exp1,0
RPKHPIKHQGLPQE,24221,sp|P02662|CASA1_BOVIN,Exp1,0
PIGSENSEKTTMP,264742,sp|P02662|CASA1_BOVIN,Exp1,0
EVFGKEKVNE,28005,sp|P02662|CASA1_BOVIN,Exp1,0
HIQKEDVPSERYLG,579892,sp|P02662|CASA1_BOVIN,Exp1,0
QYTDAPSFSDIPNPIGS,210515,sp|P02662|CASA1_BOVIN,Exp1,0
RPKHPIKHQGLPQEVLNEN,110908,sp|P02662|CASA1_BOVIN,Exp1,0
HIQKEDVPSERYL,145677,sp|P02662|CASA1_BOVIN,Exp1,0
NELSKDIGSESTEDQA,526338,sp|P02662|CASA1_BOVIN,Exp1,0
LPQEVLNEN,138021,sp|P02662|CASA1_BOVIN,Exp1,0
HPIKHQGLPQEVLNEN,250810,sp|P02662|CASA1_BOVIN,Exp1,0
LEIVPNSAEER,268288,sp|P02662|CASA1_BOVIN,Exp1,0
RPKHPIKHQGLPQEVLNENLLRF,51621,sp|P02662|CASA1_BOVIN,Exp1,0
SDIPNPIGSENSEKT,31296,sp|P02662|CASA1_BOVIN,Exp1,0
VAPFPE,1830121,sp|P02662|CASA1_BOVIN,Exp1,0
IKHQGLPQEVLNEN,84274,sp|P02662|CASA1_BOVIN,Exp1,0
QLDAYPSGAWYYVPLGTQYTDAPSF,23765,sp|P02662|CASA1_BOVIN,Exp1,0
HQGLPQEVLNEN,44949,sp|P02662|CASA1_BOVIN,Exp1,0
QLEIVPNSAEER,177337,sp|P02662|CASA1_BOVIN,Exp1,0
HIQKEDVPSERY,167042,sp|P02662|CASA1_BOVIN,Exp1,0
FFVAPFPEVFGKEKV,37904,sp|P02662|CASA1_BOVIN,Exp1,0
FVAPFPEVFGKEKV,38985,sp|P02662|CASA1_BOVIN,Exp1,0
GLPQEVLNEN,2233007,sp|P02662|CASA1_BOVIN,Exp1,0
PIGSENSEKTTMP,46984,sp|P02662|CASA1_BOVIN,Exp1,0
RPKHPIKHQGLPQEVLNENL,37116,sp|P02662|CASA1_BOVIN,Exp1,0
IPNPIGSENSEKTTMP,58382,sp|P02662|CASA1_BOVIN,Exp1,0
LKKYKVPQLEIVPNSAEER,64202,sp|P02662|CASA1_BOVIN,Exp1,0
IKHQGLPQEVLNEN,120590,sp|P02662|CASA1_BOVIN,Exp1,0
IPNPIGSENSEKTTMP,53359,sp|P02662|CASA1_BOVIN,Exp1,0
SDIPNPIGSENSEKTTMP,49005,sp|P02662|CASA1_BOVIN,Exp1,0
VAPFPE,59710,sp|P02662|CASA1_BOVIN,Exp1,0
QEVLNENLLR,97053,sp|P02662|CASA1_BOVIN,Exp1,0
SDIPNPIGSENSEKT,34050,sp|P02662|CASA1_BOVIN,Exp1,0
APFPEVFGKEK,17363,sp|P02662|CASA1_BOVIN,Exp1,0
FPEVFGKEKV,20189,sp|P02662|CASA1_BOVIN,Exp1,0
RPKHPIKHQGLPQEVLNENLLR,754925,sp|P02662|CASA1_BOVIN,Exp1,0
KYKVPQLEIVPNSAEER,138457,sp|P02662|CASA1_BOVIN,Exp1,0
SDIPNPIGSENSEKTTMP,492967,sp|P02662|CASA1_BOVIN,Exp1,0
FSDIPNPIGSENSEKTTMPLW,129132,sp|P02662|CASA1_BOVIN,Exp1,0
DIPNPIGSENSEKTTMP,430982,sp|P02662|CASA1_BOVIN,Exp1,0
VPQLEIVPNSAEER,56949,sp|P02662|CASA1_BOVIN,Exp1,0
APFPEVFGKEKVNE,24741,sp|P02662|CASA1_BOVIN,Exp1,0
EGIHAQQKEPMIGVNQELAY,66970,sp|P02662|CASA1_BOVIN,Exp1,0
LEIVPNSAEERLHSM,35128,sp|P02662|CASA1_BOVIN,Exp1,0
APFPEVFGKEKV,127986,sp|P02662|CASA1_BOVIN,Exp1,0
HPIKHQGLPQEVLNEN,74683,sp|P02662|CASA1_BOVIN,Exp1,0
YKVPQLEIVPNSAEER,164152,sp|P02662|CASA1_BOVIN,Exp1,0
RPKHPIKHQGLPQEVLNENLL,549839,sp|P02662|CASA1_BOVIN,Exp1,0
APFPEVFGKEKV,21428,sp|P02662|CASA1_BOVIN,Exp1,0
VAPFPEVFGKEKVNE,164674,sp|P02662|CASA1_BOVIN,Exp1,0
IKHQGLPQEVLNENLLR,37813,sp|P02662|CASA1_BOVIN,Exp1,0
LGYLEQLLR,27874,sp|P02662|CASA1_BOVIN,Exp1,0
FVAPFPE,161987,sp|P02662|CASA1_BOVIN,Exp1,0
SDIPNPIGSENSEKTTMPLW,220604,sp|P02662|CASA1_BOVIN,Exp1,0
KYKVPQLEIVPNSAEERLHSM,69053,sp|P02662|CASA1_BOVIN,Exp1,0
KEGIHAQQKEPMIGVNQELAY,468335,sp|P02662|CASA1_BOVIN,Exp1,0
SFSDIPNPIGSENSEKTTMP,35172,sp|P02662|CASA1_BOVIN,Exp1,0
HQGLPQEVLNENLLR,115278,sp|P02662|CASA1_BOVIN,Exp1,0
HPIKHQGLPQEVLNENLL,223414,sp|P02662|CASA1_BOVIN,Exp1,0
VAPFPEVFGKEKVNE,51907,sp|P02662|CASA1_BOVIN,Exp1,0
GLPQEVLNENL,249894,sp|P02662|CASA1_BOVIN,Exp1,0
VPQLEIVPNSAEERLHSM,40698,sp|P02662|CASA1_BOVIN,Exp1,0
LNENLLRF,44095,sp|P02662|CASA1_BOVIN,Exp1,0
VAPFPEVFGKE,32352,sp|P02662|CASA1_BOVIN,Exp1,0
YKVPQLEIVPNSAEERLHSM,98993,sp|P02662|CASA1_BOVIN,Exp1,0
RPKHPIKHQGLPQEVLNENLLRF,75304,sp|P02662|CASA1_BOVIN,Exp1,0
DIPNPIGSENSEKTTMPLW,336234,sp|P02662|CASA1_BOVIN,Exp1,0
TDAPSFSDIPNPIGSENSEKTTMP,87445,sp|P02662|CASA1_BOVIN,Exp1,0
APFPEVFG,29287,sp|P02662|CASA1_BOVIN,Exp1,0
VLNENLLRF,122091,sp|P02662|CASA1_BOVIN,Exp1,0
GLPQEVLNENLLR,648088,sp|P02662|CASA1_BOVIN,Exp1,0
LPQEVLNENLL,123194,sp|P02662|CASA1_BOVIN,Exp1,0
FVAPFPEVFGKEKVNELSK,323154,sp|P02662|CASA1_BOVIN,Exp1,0
FVAPFPE,187531,sp|P02662|CASA1_BOVIN,Exp1,0
FVAPFPEVFGKEKVNE,105724,sp|P02662|CASA1_BOVIN,Exp1,0
EVLNENLLRF,19226,sp|P02662|CASA1_BOVIN,Exp1,0
RPKHPIKHQGLPQEVLNENLL,18440,sp|P02662|CASA1_BOVIN,Exp1,0
VAPFPEVFG,59731,sp|P02662|CASA1_BOVIN,Exp1,0
SDIPNPIGSENSEKTTMPLW,656163,sp|P02662|CASA1_BOVIN,Exp1,0
GLPQEVLNENLL,621909,sp|P02662|CASA1_BOVIN,Exp1,0
FVAPFPEV,298280,sp|P02662|CASA1_BOVIN,Exp1,0
DIPNPIGSENSEKTTMPLW,143334,sp|P02662|CASA1_BOVIN,Exp1,0
FVAPFPEVFGK,372180,sp|P02662|CASA1_BOVIN,Exp1,0
LPQEVLNENLLRF,72631,sp|P02662|CASA1_BOVIN,Exp1,0
FFVAPFPEVFGKEK,95451,sp|P02662|CASA1_BOVIN,Exp1,0
FFVAPFPEVFGKEKVNE,52115,sp|P02662|CASA1_BOVIN,Exp1,0
APSFSDIPNPIGSENSEKTTMPLW,42254,sp|P02662|CASA1_BOVIN,Exp1,0
TDAPSFSDIPNPIGSENSEKTTMPLW,110684,sp|P02662|CASA1_BOVIN,Exp1,0
FVAPFPEVFG,20356,sp|P02662|CASA1_BOVIN,Exp1,0
FFVAPFPEVFGK,130761,sp|P02662|CASA1_BOVIN,Exp1,0
NENLLRFF,136445,sp|P02662|CASA1_BOVIN,Exp1,0
LNREQLSTSEENSKKTVDMESTEVFTK,21609,sp|P02663|CASA2_BOVIN,Exp1,1
KNTMEHVSSSEESIISQETYKQEK,255885,sp|P02663|CASA2_BOVIN,Exp1,0
KNTMEHVSSSEESIISQETYKQEK,28977,sp|P02663|CASA2_BOVIN,Exp1,0
AMKPWIQPKTKVIPYVRYL,99198,sp|P02663|CASA2_BOVIN,Exp1,0
QGPIVLNPWDQV,47929,sp|P02663|CASA2_BOVIN,Exp1,0
QKFALPQYL,608062,sp|P02663|CASA2_BOVIN,Exp1,0
KTKLTEEEKNRLN,28331,sp|P02663|CASA2_BOVIN,Exp1,0
NMAINPSKEN,37031,sp|P02663|CASA2_BOVIN,Exp1,0
TEEVKITVDDK,21079,sp|P02663|CASA2_BOVIN,Exp1,0
NAVPITPT,186539,sp|P02663|CASA2_BOVIN,Exp1,0
TVDMESTEV,31938,sp|P02663|CASA2_BOVIN,Exp1,0
TEEEKNRLNFLK,43137,sp|P02663|CASA2_BOVIN,Exp1,0
KNTMEHVSSSEESIISQETYKQEK,28898,sp|P02663|CASA2_BOVIN,Exp1,0
KTVDMESTEVFTKK,93368,sp|P02663|CASA2_BOVIN,Exp1,0
TVDMESTEVFTK,32187,sp|P02663|CASA2_BOVIN,Exp1,0
TEEEKNRLNFLK,40572,sp|P02663|CASA2_BOVIN,Exp1,0
KTKLTEEEKNRLNFLK,43276,sp|P02663|CASA2_BOVIN,Exp1,0
KNTMEHVSSSEESIISQETYKQEK,291921,sp|P02663|CASA2_BOVIN,Exp1,0
KTVDMESTEVFTK,104843,sp|P02663|CASA2_BOVIN,Exp1,0
KTVDMESTEVFTK,460066,sp|P02663|CASA2_BOVIN,Exp1,0
KNTMEHVSSSEESIISQETYK,39316,sp|P02663|CASA2_BOVIN,Exp1,0
TKLTEEEKNRLNFLK,153992,sp|P02663|CASA2_BOVIN,Exp1,0
KNTMEHVSSSEESIISQETY,132193,sp|P02663|CASA2_BOVIN,Exp1,0
TKVIPYVRY,40710,sp|P02663|CASA2_BOVIN,Exp1,0
TVDMESTEVFTK,245601,sp|P02663|CASA2_BOVIN,Exp1,0
KNTMEHVSSSEESIISQETY,81864,sp|P02663|CASA2_BOVIN,Exp1,0
ALPQYLKTVYQHQK,18690,sp|P02663|CASA2_BOVIN,Exp1,0
AMKPWIQPK,27416,sp|P02663|CASA2_BOVIN,Exp1,0
TEEEKNRLNFL,32639,sp|P02663|CASA2_BOVIN,Exp1,0
AMKPWIQPK,34647,sp|P02663|CASA2_BOVIN,Exp1,0
KNTMEHVSSSEESIISQETYK,232533,sp|P02663|CASA2_BOVIN,Exp1,0
TVDMESTEVFT,40002,sp|P02663|CASA2_BOVIN,Exp1,0
LYQGPIVLNPWDQVKRNAVPITPT,31090,sp|P02663|CASA2_BOVIN,Exp1,0
TKVIPYVRYL,619544,sp|P02663|CASA2_BOVIN,Exp1,0
VIPYVRYL,425822,sp|P02663|CASA2_BOVIN,Exp1,0
YQKFALPQYL,43970,sp|P02663|CASA2_BOVIN,Exp1,0
EMPFPKYPVEPFTESQS,80024,sp|P02666|CASB_BOVIN,Exp1,0
HKEMPFPKYPVEPFTESQS,419563,sp|P02666|CASB_BOVIN,Exp1,0
VVPPFLQPEVMGV,30644,sp|P02666|CASB_BOVIN,Exp1,0
HKEMPFPKYPVEPFTESQSL,386381,sp|P02666|CASB_BOVIN,Exp1,0
EMPFPKYPVEPFTESQS,146515,sp|P02666|CASB_BOVIN,Exp1,0
EMPFPKYPVEPFTESQSL,105497,sp|P02666|CASB_BOVIN,Exp1,0
QKAVPYPQRD,12773,sp|P02666|CASB_BOVIN,Exp1,0
QEPVLGPVRGPFP,24097,sp|P02666|CASB_BOVIN,Exp1,0
SEEQQQTEDELQDK,35463,sp|P02666|CASB_BOVIN,Exp1,0
SEEQQQTEDELQDK,57969,sp|P02666|CASB_BOVIN,Exp1,0
KEMPFPKYP,97492,sp|P02666|CASB_BOVIN,Exp1,0
KFQSEEQQQTEDELQDK,32430,sp|P02666|CASB_BOVIN,Exp1,0
LYQEPVLGPV,29985,sp|P02666|CASB_BOVIN,Exp1,0
FQSEEQQQTEDELQDK,722369,sp|P02666|CASB_BOVIN,Exp1,0
VEPFTESQS,67253,sp|P02666|CASB_BOVIN,Exp1,0
KIEKFQSEEQQQTEDELQDK,2324538,sp|P02666|CASB_BOVIN,Exp1,0
IEKFQSEEQQQTEDELQDK,66682,sp|P02666|CASB_BOVIN,Exp1,0
IEKFQSEEQQQTEDELQDK,339335,sp|P02666|CASB_BOVIN,Exp1,0
EPVLGPVRGPFP,89829,sp|P02666|CASB_BOVIN,Exp1,0
MPFPKYPVEPF,88355,sp|P02666|CASB_BOVIN,Exp1,0
TEDELQDKI,84321,sp|P02666|CASB_BOVIN,Exp1,0
TLTDVENL,19453,sp|P02666|CASB_BOVIN,Exp1,0
LSSSEESITR,17570,sp|P02666|CASB_BOVIN,Exp1,0
IEKFQSEEQQQTEDELQDK,112781,sp|P02666|CASB_BOVIN,Exp1,0
RELEELNVPGEIVESLSSSEES,166059,sp|P02666|CASB_BOVIN,Exp1,0
LEELNVPGE,145530,sp|P02666|CASB_BOVIN,Exp1,0
KIEKFQSEEQQQTEDELQDKIHPF,29570,sp|P02666|CASB_BOVIN,Exp1,0
VPYPQRDMPIQA,100949,sp|P02666|CASB_BOVIN,Exp1,0
TLTDVENL,64304,sp|P02666|CASB_BOVIN,Exp1,0
ELEELNVPGE,402209,sp|P02666|CASB_BOVIN,Exp1,0
MPFPKYPVEPF,49163,sp|P02666|CASB_BOVIN,Exp1,0
VEPFTESQSL,99463,sp|P02666|CASB_BOVIN,Exp1,0
MPFPKYPVEPF,96983,sp|P02666|CASB_BOVIN,Exp1,0
SLSQSKVLPVPQKAVPYPQRD,52897,sp|P02666|CASB_BOVIN,Exp1,0
KIEKFQSEEQQQTEDELQDKIHPF,64093,sp|P02666|CASB_BOVIN,Exp1,0
VLGPVRGPFP,265168,sp|P02666|CASB_BOVIN,Exp1,0
HKEMPFPKYPVEPFTESQS,577431,sp|P02666|CASB_BOVIN,Exp1,0
RELEELNVPGEIVES,323870,sp|P02666|CASB_BOVIN,Exp1,0
ELEELNVPGEIVES,41938,sp|P02666|CASB_BOVIN,Exp1,0
EPVLGPVRGPFP,437826,sp|P02666|CASB_BOVIN,Exp1,0
HKEMPFPKYPVEPFTESQSL,561624,sp|P02666|CASB_BOVIN,Exp1,0
TESQSLTLTDVENL,25610,sp|P02666|CASB_BOVIN,Exp1,0
KFQSEEQQQTEDELQDKIHPF,253975,sp|P02666|CASB_BOVIN,Exp1,0
EMPFPKYPVEPFTESQS,222820,sp|P02666|CASB_BOVIN,Exp1,0
VPPFLQPEVM,26623,sp|P02666|CASB_BOVIN,Exp1,0
MPFPKYPVEPFTESQSL,69410,sp|P02666|CASB_BOVIN,Exp1,0
GPVRGPFPIIV,256606,sp|P02666|CASB_BOVIN,Exp1,0
EMPFPKYPVEPFTESQSL,254309,sp|P02666|CASB_BOVIN,Exp1,0
GPFPIIV,99731,sp|P02666|CASB_BOVIN,Exp1,0
HKEMPFPKYPVEPFTESQSLTLTDVENL,190713,sp|P02666|CASB_BOVIN,Exp1,0
EPVLGPVRGPFPII,32489,sp|P02666|CASB_BOVIN,Exp1,0
RELEELNVPGEIVESLSSSEESITR,42284,sp|P02666|CASB_BOVIN,Exp1,0
RELEELNVPGEIVESLSSSEESITRINK,81543,sp|P02666|CASB_BOVIN,Exp1,0
VVPPFLQPEVMGV,41753,sp|P02666|CASB_BOVIN,Exp1,0
EMPFPKYPVEPFTESQSLTLTDVENL,25070,sp|P02666|CASB_BOVIN,Exp1,0
EPVLGPVRGPFPIIV,223524,sp|P02666|CASB_BOVIN,Exp1,0
RELEELNVPGEIVESLSSSEESITRIN,161546,sp|P02666|CASB_BOVIN,Exp2,0
VNELSKDIGSESTEDQAMEDIK,158983,sp|P02662|CASA1_BOVIN,Exp2,2
VNELSKDIGSESTEDQAMEDIK,108468,sp|P02662|CASA1_BOVIN,Exp2,2
QLEIVPNSAEERLHSM,181789,sp|P02662|CASA1_BOVIN,Exp2,1
QLEIVPNSAEERLHS,38374,sp|P02662|CASA1_BOVIN,Exp2,1
NSAEERLHSM,29952,sp|P02662|CASA1_BOVIN,Exp2,1
QLEIVPNSAEERLHSMK,64025,sp|P02662|CASA1_BOVIN,Exp2,1
VPQLEIVPNSAEERLHSM,24982,sp|P02662|CASA1_BOVIN,Exp2,1
EIVPNSAEERLHSMK,314603,sp|P02662|CASA1_BOVIN,Exp2,1
VPQLEIVPNSAEER,156374,sp|P02662|CASA1_BOVIN,Exp2,1
YKVPQLEIVPNSAEER,58450,sp|P02662|CASA1_BOVIN,Exp2,1
LEIVPNSAEER,94496,sp|P02662|CASA1_BOVIN,Exp2,1
QLEIVPNSAEER,79287,sp|P02662|CASA1_BOVIN,Exp2,1
QYTDAPSFSDIPNPIGSENSEKTTMPLW,71477,sp|P02662|CASA1_BOVIN,Exp2,0
QYTDAPSFSDIPNPIGSENSEKTTMPLW,218618,sp|P02662|CASA1_BOVIN,Exp2,0
QYTDAPSFSDIPNPIGSENSEKTTMPLW,243850,sp|P02662|CASA1_BOVIN,Exp2,0
QYTDAPSFSDIPNPIGSENSEKTTMPLW,723588,sp|P02662|CASA1_BOVIN,Exp2,0
QYTDAPSFSDIPNPIGSENSEKTTMPLW,1323594,sp|P02662|CASA1_BOVIN,Exp2,0
SDIPNPIGSENSEKTTMP,822331,sp|P02662|CASA1_BOVIN,Exp2,0
DIPNPIGSENSEKTTMP,469416,sp|P02662|CASA1_BOVIN,Exp2,0
SDIPNPIGSENSEKTTMP,455809,sp|P02662|CASA1_BOVIN,Exp2,0
SDIPNPIGSENSEKTTMP,1025401,sp|P02662|CASA1_BOVIN,Exp2,0
SDIPNPIGSENSEKTTMPLW,2430286,sp|P02662|CASA1_BOVIN,Exp2,0
SDIPNPIGSENSEKTTMPLW,764903,sp|P02662|CASA1_BOVIN,Exp2,0
YVPLGTQYTDAPSFSDIPNPIGSENSEKTTMP,100591,sp|P02662|CASA1_BOVIN,Exp2,0
TDAPSFSDIPNPIGSENSEKTTMPLW,279675,sp|P02662|CASA1_BOVIN,Exp2,0
TDAPSFSDIPNPIGSENSEKTTMPLW,88316,sp|P02662|CASA1_BOVIN,Exp2,0
YVPLGTQYTDAPSFSDIPNPIGSENSEKTTMPLW,80034,sp|P02662|CASA1_BOVIN,Exp2,0
QKEDVPSERY,1909323,sp|P02662|CASA1_BOVIN,Exp2,0
QKEDVPSER,32015,sp|P02662|CASA1_BOVIN,Exp2,0
QKEDVPSERY,25258,sp|P02662|CASA1_BOVIN,Exp2,0
QLDAYPSGAWYYVPLGT,40890,sp|P02662|CASA1_BOVIN,Exp2,0
QLEIVPNSAEERLHSM,110468,sp|P02662|CASA1_BOVIN,Exp2,0
QYTDAPSFSDIPNPIGSENSEKTTMP,173006,sp|P02662|CASA1_BOVIN,Exp2,0
QYTDAPSFSDIPNPIGSENSEKTTMPLW,183840,sp|P02662|CASA1_BOVIN,Exp2,0
HIQKEDVPSER,31052,sp|P02662|CASA1_BOVIN,Exp2,0
FVAPFPEVF,57341,sp|P02662|CASA1_BOVIN,Exp2,0
HIQKEDVPSE,33333,sp|P02662|CASA1_BOVIN,Exp2,0
RPKHPIKHQGLPQE,74750,sp|P02662|CASA1_BOVIN,Exp2,0
RPKHPIKHQGLPQE,18308,sp|P02662|CASA1_BOVIN,Exp2,0
IQKEDVPSE,12224,sp|P02662|CASA1_BOVIN,Exp2,0
IPNPIGSENSEKTTMP,25715,sp|P02662|CASA1_BOVIN,Exp2,0
KEDVPSERY,15360,sp|P02662|CASA1_BOVIN,Exp2,0
HIQKEDVPSERY,2447322,sp|P02662|CASA1_BOVIN,Exp2,0
EIVPNSAEER,28117,sp|P02662|CASA1_BOVIN,Exp2,0
QGLPQEVLNENLL,16798,sp|P02662|CASA1_BOVIN,Exp2,0
IQKEDVPSERY,164361,sp|P02662|CASA1_BOVIN,Exp2,0
IGSENSEKTTMP,357879,sp|P02662|CASA1_BOVIN,Exp2,0
PIGSENSEKTTMP,252393,sp|P02662|CASA1_BOVIN,Exp2,0
KYKVPQLEIVPNSAEER,25292,sp|P02662|CASA1_BOVIN,Exp2,0
NELSKDIGSESTEDQA,19460,sp|P02662|CASA1_BOVIN,Exp2,0
EVFGKEKVNE,23065,sp|P02662|CASA1_BOVIN,Exp2,0
VAPFPEVFGKE,24351,sp|P02662|CASA1_BOVIN,Exp2,0
APFPEVFGKEKV,12731,sp|P02662|CASA1_BOVIN,Exp2,0
HIQKEDVPSERYLG,1278953,sp|P02662|CASA1_BOVIN,Exp2,0
FVAPFPEVF,16326,sp|P02662|CASA1_BOVIN,Exp2,0
IKHQGLPQEVLNEN,25936,sp|P02662|CASA1_BOVIN,Exp2,0
QYTDAPSFSDIPNPIGS,540370,sp|P02662|CASA1_BOVIN,Exp2,0
VLNENLLRF,87087,sp|P02662|CASA1_BOVIN,Exp2,0
HIQKEDVPSERYL,427223,sp|P02662|CASA1_BOVIN,Exp2,0
VLNENLLRF,23801,sp|P02662|CASA1_BOVIN,Exp2,0
KEDVPSERY,19846,sp|P02662|CASA1_BOVIN,Exp2,0
NELSKDIGSESTEDQA,303292,sp|P02662|CASA1_BOVIN,Exp2,0
LEIVPNSAEERLHSM,148752,sp|P02662|CASA1_BOVIN,Exp2,0
HPIKHQGLPQEVLNEN,718958,sp|P02662|CASA1_BOVIN,Exp2,0
LPQEVLNEN,355826,sp|P02662|CASA1_BOVIN,Exp2,0
QLDAYPSGAWY,24853,sp|P02662|CASA1_BOVIN,Exp2,0
YLGYLEQLL,60481,sp|P02662|CASA1_BOVIN,Exp2,0
GLPQEVLNENL,33670,sp|P02662|CASA1_BOVIN,Exp2,0
LEIVPNSAEER,987978,sp|P02662|CASA1_BOVIN,Exp2,0
SDIPNPIGSENSEKT,170834,sp|P02662|CASA1_BOVIN,Exp2,0
IKHQGLPQEVLNEN,152242,sp|P02662|CASA1_BOVIN,Exp2,0
IKHQGLPQEVLNEN,24240,sp|P02662|CASA1_BOVIN,Exp2,0
VAPFPE,1142313,sp|P02662|CASA1_BOVIN,Exp2,0
HIQKEDVPSERY,62872,sp|P02662|CASA1_BOVIN,Exp2,0
RPKHPIKHQGLPQEVLNENLLRF,29602,sp|P02662|CASA1_BOVIN,Exp2,0
FFVAPFPEVFGKEK,27799,sp|P02662|CASA1_BOVIN,Exp2,0
HQGLPQEVLNEN,157231,sp|P02662|CASA1_BOVIN,Exp2,0
QLEIVPNSAEER,444483,sp|P02662|CASA1_BOVIN,Exp2,0
QLDAYPSGAWYYVPLGTQYTDAPSF,32137,sp|P02662|CASA1_BOVIN,Exp2,0
GLPQEVLNENL,28352,sp|P02662|CASA1_BOVIN,Exp2,0
HPIKHQGLPQE,15204,sp|P02662|CASA1_BOVIN,Exp2,0
HIQKEDVPSERY,115003,sp|P02662|CASA1_BOVIN,Exp2,0
QLDAYPSGAWY,39974,sp|P02662|CASA1_BOVIN,Exp2,0
FVAPFPEVFGKEKV,158012,sp|P02662|CASA1_BOVIN,Exp2,0
GLPQEVLNEN,6241408,sp|P02662|CASA1_BOVIN,Exp2,0
PIGSENSEKTTMP,37597,sp|P02662|CASA1_BOVIN,Exp2,0
IPNPIGSENSEKTTMP,162697,sp|P02662|CASA1_BOVIN,Exp2,0
VAPFPE,23728,sp|P02662|CASA1_BOVIN,Exp2,0
VNELSKDIGSESTEDQAMEDIK,56836,sp|P02662|CASA1_BOVIN,Exp2,0
LKKYKVPQLEIVPNSAEER,111782,sp|P02662|CASA1_BOVIN,Exp2,0
IKHQGLPQEVLNEN,67633,sp|P02662|CASA1_BOVIN,Exp2,0
PIGSENSEKTTMP,31051,sp|P02662|CASA1_BOVIN,Exp2,0
IPNPIGSENSEKTTMP,100698,sp|P02662|CASA1_BOVIN,Exp2,0
SDIPNPIGSENSEKTTMP,58051,sp|P02662|CASA1_BOVIN,Exp2,0
QEVLNENLLR,97250,sp|P02662|CASA1_BOVIN,Exp2,0
VAPFPE,280653,sp|P02662|CASA1_BOVIN,Exp2,0
APFPEVFGKEK,50691,sp|P02662|CASA1_BOVIN,Exp2,0
SDIPNPIGSENSEKT,41231,sp|P02662|CASA1_BOVIN,Exp2,0
KYKVPQLEIVPNSAEER,349848,sp|P02662|CASA1_BOVIN,Exp2,0
SDIPNPIGSENSEKTTMP,1462246,sp|P02662|CASA1_BOVIN,Exp2,0
FSDIPNPIGSENSEKTTMPLW,180986,sp|P02662|CASA1_BOVIN,Exp2,0
KVPQLEIVPNSAEERLHS,34516,sp|P02662|CASA1_BOVIN,Exp2,0
DIPNPIGSENSEKTTMP,647893,sp|P02662|CASA1_BOVIN,Exp2,0
VPQLEIVPNSAEER,167597,sp|P02662|CASA1_BOVIN,Exp2,0
APFPEVFGKEKVNE,79825,sp|P02662|CASA1_BOVIN,Exp2,0
KKYKVPQLEIVPNSAEERLHSM,53429,sp|P02662|CASA1_BOVIN,Exp2,0
KEDVPSERY,14860,sp|P02662|CASA1_BOVIN,Exp2,0
VPLGTQYTDAPSFSDIPNPIGSENSEKTTMPLW,41267,sp|P02662|CASA1_BOVIN,Exp2,0
EGIHAQQKEPMIGVNQELAY,219119,sp|P02662|CASA1_BOVIN,Exp2,0
LEIVPNSAEERLHSM,120998,sp|P02662|CASA1_BOVIN,Exp2,0
HPIKHQGLPQEVLNENLLR,60146,sp|P02662|CASA1_BOVIN,Exp2,0
HPIKHQGLPQEVLNENLLR,41709,sp|P02662|CASA1_BOVIN,Exp2,0
APFPEVFGKEKV,200713,sp|P02662|CASA1_BOVIN,Exp2,0
QLDAYPSGAWY,31325,sp|P02662|CASA1_BOVIN,Exp2,0
FVAPFPEV,22020,sp|P02662|CASA1_BOVIN,Exp2,0
HPIKHQGLPQEVLNEN,210108,sp|P02662|CASA1_BOVIN,Exp2,0
YKVPQLEIVPNSAEER,416053,sp|P02662|CASA1_BOVIN,Exp2,0
RPKHPIKHQGLPQEVLNENLL,491023,sp|P02662|CASA1_BOVIN,Exp2,0
KVPQLEIVPNSAEERLHSM,81686,sp|P02662|CASA1_BOVIN,Exp2,0
APFPEVFGKEKV,90828,sp|P02662|CASA1_BOVIN,Exp2,0
PFPEVFGKEKV,20311,sp|P02662|CASA1_BOVIN,Exp2,0
VLNENLLRF,22109,sp|P02662|CASA1_BOVIN,Exp2,0
VAPFPEVFGKEKVNE,359591,sp|P02662|CASA1_BOVIN,Exp2,0
IKHQGLPQEVLNENLLR,39869,sp|P02662|CASA1_BOVIN,Exp2,0
VPLGTQYTDAPSF,25166,sp|P02662|CASA1_BOVIN,Exp2,0
KYKVPQLEIVPNSAEERLHSM,53290,sp|P02662|CASA1_BOVIN,Exp2,0
APFPEVFGKE,47713,sp|P02662|CASA1_BOVIN,Exp2,0
FSDIPNPIGSENSEKTTMP,235108,sp|P02662|CASA1_BOVIN,Exp2,0
KVPQLEIVPNSAEERLHSM,80047,sp|P02662|CASA1_BOVIN,Exp2,0
QLDAYPSGAWY,29409,sp|P02662|CASA1_BOVIN,Exp2,0
SDIPNPIGSENSEKTTMPLW,359176,sp|P02662|CASA1_BOVIN,Exp2,0
KYKVPQLEIVPNSAEERLHSM,328345,sp|P02662|CASA1_BOVIN,Exp2,0
SFSDIPNPIGSENSEKTTMP,67693,sp|P02662|CASA1_BOVIN,Exp2,0
HQGLPQEVLNENLLR,155199,sp|P02662|CASA1_BOVIN,Exp2,0
VAPFPEVFGKEKV,65141,sp|P02662|CASA1_BOVIN,Exp2,0
PFPEVFGKEKV,82142,sp|P02662|CASA1_BOVIN,Exp2,0
HPIKHQGLPQEVLNENLL,645926,sp|P02662|CASA1_BOVIN,Exp2,0
GLPQEVLNENL,499858,sp|P02662|CASA1_BOVIN,Exp2,0
LNENLLRF,110105,sp|P02662|CASA1_BOVIN,Exp2,0
VPQLEIVPNSAEERLHSM,168085,sp|P02662|CASA1_BOVIN,Exp2,0
VAPFPEVFGKE,148002,sp|P02662|CASA1_BOVIN,Exp2,0
YVPLGTQYTDAPSF,70999,sp|P02662|CASA1_BOVIN,Exp2,0
QLDAYPSGAWY,32493,sp|P02662|CASA1_BOVIN,Exp2,0
YKVPQLEIVPNSAEERLHSM,502533,sp|P02662|CASA1_BOVIN,Exp2,0
SDIPNPIGSENSEKTTMPLW,39022,sp|P02662|CASA1_BOVIN,Exp2,0
SDIPNPIGSENSEKTTMP,78100,sp|P02662|CASA1_BOVIN,Exp2,0
DIPNPIGSENSEKTTMPLW,1123045,sp|P02662|CASA1_BOVIN,Exp2,0
APFPEVFG,182164,sp|P02662|CASA1_BOVIN,Exp2,0
TDAPSFSDIPNPIGSENSEKTTMP,211917,sp|P02662|CASA1_BOVIN,Exp2,0
VLNENLLRF,214119,sp|P02662|CASA1_BOVIN,Exp2,0
GLPQEVLNENLLR,556700,sp|P02662|CASA1_BOVIN,Exp2,0
VAPFPEVFGKEKVNEL,40776,sp|P02662|CASA1_BOVIN,Exp2,0
HQGLPQEVLNENLL,144552,sp|P02662|CASA1_BOVIN,Exp2,0
LPQEVLNENLL,345929,sp|P02662|CASA1_BOVIN,Exp2,0
RPKHPIKHQGLPQEVLNENLLR,29838,sp|P02662|CASA1_BOVIN,Exp2,0
RPKHPIKHQGLPQEVLNENLL,47451,sp|P02662|CASA1_BOVIN,Exp2,0
PLGTQYTDAPSFSDIPNPIGSENSEKTTMPLW,64156,sp|P02662|CASA1_BOVIN,Exp2,0
FVAPFPE,374153,sp|P02662|CASA1_BOVIN,Exp2,0
FVAPFPEVFGKEKVNELSK,234201,sp|P02662|CASA1_BOVIN,Exp2,0
FVAPFPEVFGKEKVNE,208548,sp|P02662|CASA1_BOVIN,Exp2,0
EVLNENLLRF,50937,sp|P02662|CASA1_BOVIN,Exp2,0
IPNPIGSENSEKTTMPLW,88679,sp|P02662|CASA1_BOVIN,Exp2,0
VAPFPEVFG,266738,sp|P02662|CASA1_BOVIN,Exp2,0
FVAPFPEVFGKEKV,181914,sp|P02662|CASA1_BOVIN,Exp2,0
SDIPNPIGSENSEKTTMPLW,3842183,sp|P02662|CASA1_BOVIN,Exp2,0
FVAPFPEV,268010,sp|P02662|CASA1_BOVIN,Exp2,0
GLPQEVLNENLL,1352457,sp|P02662|CASA1_BOVIN,Exp2,0
DIPNPIGSENSEKTTMPLW,360849,sp|P02662|CASA1_BOVIN,Exp2,0
FVAPFPEVFGK,748349,sp|P02662|CASA1_BOVIN,Exp2,0
VPLGTQYTDAPSFSDIPNPIGSENSEKTTMPLW,254584,sp|P02662|CASA1_BOVIN,Exp2,0
QYTDAPSFSDIPNPIGSENSEKTTMPL,52770,sp|P02662|CASA1_BOVIN,Exp2,0
FVAPFPEVFGKE,35243,sp|P02662|CASA1_BOVIN,Exp2,0
FSDIPNPIGSENSEKTTMPLW,32926,sp|P02662|CASA1_BOVIN,Exp2,0
LPQEVLNENLLRF,193116,sp|P02662|CASA1_BOVIN,Exp2,0
FFVAPFPEVFGKEK,121751,sp|P02662|CASA1_BOVIN,Exp2,0
FFVAPFPEVFGKEKVNE,56339,sp|P02662|CASA1_BOVIN,Exp2,0
FFVAPFPEVFGKEKV,51103,sp|P02662|CASA1_BOVIN,Exp2,0
APSFSDIPNPIGSENSEKTTMPLW,82071,sp|P02662|CASA1_BOVIN,Exp2,0
TDAPSFSDIPNPIGSENSEKTTMPLW,480757,sp|P02662|CASA1_BOVIN,Exp2,0
RPKHPIKHQGLPQEVLNENLLR,50621,sp|P02662|CASA1_BOVIN,Exp2,0
DAPSFSDIPNPIGSENSEKTTMPLW,94868,sp|P02662|CASA1_BOVIN,Exp2,0
GLPQEVLNENLLRF,40902,sp|P02662|CASA1_BOVIN,Exp2,0
FVAPFPEVFG,165243,sp|P02662|CASA1_BOVIN,Exp2,0
HIQKEDVPSERYLGYLEQLL,20263,sp|P02662|CASA1_BOVIN,Exp2,0
FFVAPFPEVFGK,204974,sp|P02662|CASA1_BOVIN,Exp2,0
YLGYLEQLL,23012,sp|P02662|CASA1_BOVIN,Exp2,0
NENLLRFF,113420,sp|P02662|CASA1_BOVIN,Exp2,0
YVPLGTQYTDAPSFSDIPNPIGSENSEKTTMPLW,60132,sp|P02662|CASA1_BOVIN,Exp2,0
FFVAPFPEVFG,11983,sp|P02662|CASA1_BOVIN,Exp2,0
FFVAPFPEVF,7673,sp|P02662|CASA1_BOVIN,Exp2,0
SIGSSSEESAEVATEEVK,71420,sp|P02663|CASA2_BOVIN,Exp2,1
LNREQLSTSEENSKKTVDMESTEVFTK,33750,sp|P02663|CASA2_BOVIN,Exp2,1
IISQETYK,9734,sp|P02663|CASA2_BOVIN,Exp2,1
KNTMEHVSSSEESIISQETYKQEK,560903,sp|P02663|CASA2_BOVIN,Exp2,0
TVDMESTEVFTK,130231,sp|P02663|CASA2_BOVIN,Exp2,0
KNTMEHVSSSEESIISQETYKQEK,13008,sp|P02663|CASA2_BOVIN,Exp2,0
AMKPWIQPKTKVIPYVRYL,76829,sp|P02663|CASA2_BOVIN,Exp2,0
NAVPITPTLNREQLSTSEENSK,87048,sp|P02663|CASA2_BOVIN,Exp2,0
NREQLSTSEENSKKTVDMESTEVFTK,85741,sp|P02663|CASA2_BOVIN,Exp2,0
QKFALPQYL,1614410,sp|P02663|CASA2_BOVIN,Exp2,0
KTKLTEEEKNRLN,81312,sp|P02663|CASA2_BOVIN,Exp2,0
NAVPITPT,327211,sp|P02663|CASA2_BOVIN,Exp2,0
KNTMEHVSSSEESIISQETYKQEK,147823,sp|P02663|CASA2_BOVIN,Exp2,0
TEEEKNRLNFLK,52504,sp|P02663|CASA2_BOVIN,Exp2,0
NAVPITPT,52858,sp|P02663|CASA2_BOVIN,Exp2,0
TVDMESTEVFTK,81061,sp|P02663|CASA2_BOVIN,Exp2,0
AMKPWIQPK,52874,sp|P02663|CASA2_BOVIN,Exp2,0
DMESTEVFTK,43095,sp|P02663|CASA2_BOVIN,Exp2,0
TEEEKNRLNFLK,58581,sp|P02663|CASA2_BOVIN,Exp2,0
KTKLTEEEKNRLNFLK,81304,sp|P02663|CASA2_BOVIN,Exp2,0
MEHVSSSEESIISQETYKQEK,143383,sp|P02663|CASA2_BOVIN,Exp2,0
KNTMEHVSSSEESIISQETYKQEK,991762,sp|P02663|CASA2_BOVIN,Exp2,0
KTVDMESTEVFTK,73134,sp|P02663|CASA2_BOVIN,Exp2,0
KTVDMESTEVFTK,494812,sp|P02663|CASA2_BOVIN,Exp2,0
KNTMEHVSSSEESIISQETYK,50952,sp|P02663|CASA2_BOVIN,Exp2,0
FALPQYLKT,28883,sp|P02663|CASA2_BOVIN,Exp2,0
TKLTEEEKNRLNFLK,289690,sp|P02663|CASA2_BOVIN,Exp2,0
TEEEKNRLNFLK,54913,sp|P02663|CASA2_BOVIN,Exp2,0
KNTMEHVSSSEESIISQETY,57854,sp|P02663|CASA2_BOVIN,Exp2,0
TKVIPYVRY,57238,sp|P02663|CASA2_BOVIN,Exp2,0
YLYQGPIVLNPWDQVK,22129,sp|P02663|CASA2_BOVIN,Exp2,0
TVDMESTEVFTK,202305,sp|P02663|CASA2_BOVIN,Exp2,0
KNTMEHVSSSEESIISQETY,69867,sp|P02663|CASA2_BOVIN,Exp2,0
SIGSSSEESAEVATEEVK,19911,sp|P02663|CASA2_BOVIN,Exp2,0
AMKPWIQPK,16389,sp|P02663|CASA2_BOVIN,Exp2,0
TEEEKNRLNFL,48697,sp|P02663|CASA2_BOVIN,Exp2,0
AMKPWIQPK,97417,sp|P02663|CASA2_BOVIN,Exp2,0
KNTMEHVSSSEESIISQETYK,192057,sp|P02663|CASA2_BOVIN,Exp2,0
TVDMESTEVFT,42826,sp|P02663|CASA2_BOVIN,Exp2,0
LTEEEKNRL,20323,sp|P02663|CASA2_BOVIN,Exp2,0
TKVIPYVRYL,617811,sp|P02663|CASA2_BOVIN,Exp2,0
SIGSSSEESAEVATEEVK,18190,sp|P02663|CASA2_BOVIN,Exp2,0
TEEEKNRLNFL,62190,sp|P02663|CASA2_BOVIN,Exp2,0
KTVDMESTEVFTKK,51721,sp|P02663|CASA2_BOVIN,Exp2,0
GPIVLNPWDQVK,30179,sp|P02663|CASA2_BOVIN,Exp2,0
VIPYVRYL,387873,sp|P02663|CASA2_BOVIN,Exp2,0
YQKFALPQYL,48003,sp|P02663|CASA2_BOVIN,Exp2,0
IVLNPWDQV,28671,sp|P02663|CASA2_BOVIN,Exp2,0
RELEELNVPGEIVESLSSSEESITRINKK,68832,sp|P02666|CASB_BOVIN,Exp2,3
RELEELNVPGEIVESLSSSEESITRINKK,1130689,sp|P02666|CASB_BOVIN,Exp2,2
KFQSEEQQQTEDELQDK,11861,sp|P02666|CASB_BOVIN,Exp2,1
EMPFPKYPVEPFTESQS,28212,sp|P02666|CASB_BOVIN,Exp2,0
EMPFPKYPVEPFTESQS,118327,sp|P02666|CASB_BOVIN,Exp2,0
HKEMPFPKYPVEPFTESQS,1353003,sp|P02666|CASB_BOVIN,Exp2,0
VVPPFLQPEVMGV,62276,sp|P02666|CASB_BOVIN,Exp2,0
HKEMPFPKYPVEPFTESQSL,1605773,sp|P02666|CASB_BOVIN,Exp2,0
EMPFPKYPVEPFTESQS,329631,sp|P02666|CASB_BOVIN,Exp2,0
EMPFPKYPVEPFTESQSL,18281,sp|P02666|CASB_BOVIN,Exp2,0
EMPFPKYPVEPFTESQSL,666080,sp|P02666|CASB_BOVIN,Exp2,0
VPPFLQPEVMGV,138068,sp|P02666|CASB_BOVIN,Exp2,0
VVPPFLQPEVMGVSKVKEAMAPK,70656,sp|P02666|CASB_BOVIN,Exp2,0
VVPPFLQPEVMGV,394057,sp|P02666|CASB_BOVIN,Exp2,0
VVPPFLQPEVMGV,24304,sp|P02666|CASB_BOVIN,Exp2,0
QKAVPYPQRD,44470,sp|P02666|CASB_BOVIN,Exp2,0
QEPVLGPVRGPFP,71366,sp|P02666|CASB_BOVIN,Exp2,0
QEPVLGPVRGPFP,40391,sp|P02666|CASB_BOVIN,Exp2,0
QEPVLGPVRGPFPIIV,21368,sp|P02666|CASB_BOVIN,Exp2,0
EMPFPKYPVEPFTESQS,14922,sp|P02666|CASB_BOVIN,Exp2,0
SEEQQQTEDELQDK,268618,sp|P02666|CASB_BOVIN,Exp2,0
VPYPQRDMP,12014,sp|P02666|CASB_BOVIN,Exp2,0
KEMPFPKYP,95874,sp|P02666|CASB_BOVIN,Exp2,0
KFQSEEQQQTEDELQDK,501402,sp|P02666|CASB_BOVIN,Exp2,0
KYPVEPFTESQS,17418,sp|P02666|CASB_BOVIN,Exp2,0
FQSEEQQQTEDELQDK,2471222,sp|P02666|CASB_BOVIN,Exp2,0
VEPFTESQS,148614,sp|P02666|CASB_BOVIN,Exp2,0
KIEKFQSEEQQQTEDELQDK,7554943,sp|P02666|CASB_BOVIN,Exp2,0
KEMPFPKYP,31627,sp|P02666|CASB_BOVIN,Exp2,0
IEKFQSEEQQQTEDELQDK,185852,sp|P02666|CASB_BOVIN,Exp2,0
RELEELNVPGEIVESLSSSEESITR,258168,sp|P02666|CASB_BOVIN,Exp2,0
IEKFQSEEQQQTEDELQDK,896179,sp|P02666|CASB_BOVIN,Exp2,0
EPVLGPVRGPFP,103931,sp|P02666|CASB_BOVIN,Exp2,0
MPFPKYPVEPF,80516,sp|P02666|CASB_BOVIN,Exp2,0
TEDELQDKI,65398,sp|P02666|CASB_BOVIN,Exp2,0
TPVVVPPFLQPEVM,108802,sp|P02666|CASB_BOVIN,Exp2,0
RELEELNVPGEIVE,19045,sp|P02666|CASB_BOVIN,Exp2,0
IVESLSSSEESITR,124683,sp|P02666|CASB_BOVIN,Exp2,0
MPFPKYPVEPFTESQSL,21096,sp|P02666|CASB_BOVIN,Exp2,0
KYPVEPFTESQS,98075,sp|P02666|CASB_BOVIN,Exp2,0
EPVLGPVRGP,40003,sp|P02666|CASB_BOVIN,Exp2,0
LSSSEESITR,101604,sp|P02666|CASB_BOVIN,Exp2,0
RELEELNVPGEIVESLSSSEES,148506,sp|P02666|CASB_BOVIN,Exp2,0
LEELNVPGE,162173,sp|P02666|CASB_BOVIN,Exp2,0
VPYPQRDMPIQA,330970,sp|P02666|CASB_BOVIN,Exp2,0
TLTDVENL,322094,sp|P02666|CASB_BOVIN,Exp2,0
SLSQSKVLPVPQKAVPYPQRD,25569,sp|P02666|CASB_BOVIN,Exp2,0
ELEELNVPGE,83502,sp|P02666|CASB_BOVIN,Exp2,0
MPFPKYPVEPF,36377,sp|P02666|CASB_BOVIN,Exp2,0
LPVPQKAVPYPQRDMP,43884,sp|P02666|CASB_BOVIN,Exp2,0
LNVPGEIVES,27305,sp|P02666|CASB_BOVIN,Exp2,0
VEPFTESQSL,244415,sp|P02666|CASB_BOVIN,Exp2,0
MPFPKYPVEPF,46314,sp|P02666|CASB_BOVIN,Exp2,0
VLSLSQSKVLPVPQK,55464,sp|P02666|CASB_BOVIN,Exp2,0
TESQSLTLTDVENL,11290,sp|P02666|CASB_BOVIN,Exp2,0
SLSQSKVLPVPQKAVPYPQRD,112884,sp|P02666|CASB_BOVIN,Exp2,0
KIEKFQSEEQQQTEDELQDKIHPF,638945,sp|P02666|CASB_BOVIN,Exp2,0
SEEQQQTEDELQDKIHPF,58427,sp|P02666|CASB_BOVIN,Exp2,0
NVPGEIVESLSSSEESITRIN,79867,sp|P02666|CASB_BOVIN,Exp2,0
HKEMPFPKYPVEPFTESQ,89575,sp|P02666|CASB_BOVIN,Exp2,0
VLGPVRGPFP,342450,sp|P02666|CASB_BOVIN,Exp2,0
LSSSEESITRIN,142512,sp|P02666|CASB_BOVIN,Exp2,0
FQSEEQQQTEDELQDKIHPF,105025,sp|P02666|CASB_BOVIN,Exp2,0
HKEMPFPKYPVEPFTESQS,2286157,sp|P02666|CASB_BOVIN,Exp2,0
RELEELNVPGEIVES,558393,sp|P02666|CASB_BOVIN,Exp2,0
HKEMPFPKYPVEPFTESQ,127252,sp|P02666|CASB_BOVIN,Exp2,0
MPFPKYPVEP,292534,sp|P02666|CASB_BOVIN,Exp2,0
SLSQSKVLPVPQKAVPYPQRDMPIQA,75761,sp|P02666|CASB_BOVIN,Exp2,0
VLPVPQKAVPYPQRDMPIQA,116440,sp|P02666|CASB_BOVIN,Exp2,0
VPPFLQPEVMGVSKV,81971,sp|P02666|CASB_BOVIN,Exp2,0
LYQEPVLGPV,35593,sp|P02666|CASB_BOVIN,Exp2,0
YPVEPFTESQSL,277915,sp|P02666|CASB_BOVIN,Exp2,0
RELEELNVPGEIV,36552,sp|P02666|CASB_BOVIN,Exp2,0
LPQNIPPLTQTPV,40168,sp|P02666|CASB_BOVIN,Exp2,0
ELEELNVPGEIVES,51972,sp|P02666|CASB_BOVIN,Exp2,0
LSLSQSKVLPVPQKAVPYPQRDMPIQA,125124,sp|P02666|CASB_BOVIN,Exp2,0
AVPYPQRDMPIQAF,40845,sp|P02666|CASB_BOVIN,Exp2,0
HKEMPFPKYPVEPFTESQSLT,181842,sp|P02666|CASB_BOVIN,Exp2,0
VPPFLQPEV,30194,sp|P02666|CASB_BOVIN,Exp2,0
EPVLGPVRGPFP,930909,sp|P02666|CASB_BOVIN,Exp2,0
NVPGEIVESLSSSEESITRIN,99632,sp|P02666|CASB_BOVIN,Exp2,0
SLPQNIPPLTQTPV,34310,sp|P02666|CASB_BOVIN,Exp2,0
HKEMPFPKYPVEPFTESQSL,2974113,sp|P02666|CASB_BOVIN,Exp2,0
LTLTDVENL,9010,sp|P02666|CASB_BOVIN,Exp2,0
KEMPFPKYPVEPFTESQSL,40026,sp|P02666|CASB_BOVIN,Exp2,0
LSQSKVLPVPQKAVPYPQRDMPIQAF,72933,sp|P02666|CASB_BOVIN,Exp2,0
TESQSLTLTDVENL,16719,sp|P02666|CASB_BOVIN,Exp2,0
VPPFLQPEV,44539,sp|P02666|CASB_BOVIN,Exp2,0
FPKYPVEPFTESQSL,41609,sp|P02666|CASB_BOVIN,Exp2,0
MPFPKYPVEPFTESQS,191774,sp|P02666|CASB_BOVIN,Exp2,0
SLSQSKVLPVPQKAVPYPQRDMPIQAF,43941,sp|P02666|CASB_BOVIN,Exp2,0
EMPFPKYPVEPFTESQS,672462,sp|P02666|CASB_BOVIN,Exp2,0
KFQSEEQQQTEDELQDKIHPF,508674,sp|P02666|CASB_BOVIN,Exp2,0
KEMPFPKYPVEPFTESQSL,51620,sp|P02666|CASB_BOVIN,Exp2,0
VLPVPQKAVPYPQRDMPIQAF,52702,sp|P02666|CASB_BOVIN,Exp2,0
LLYQEPVLGPV,27488,sp|P02666|CASB_BOVIN,Exp2,0
VVPPFLQPEVMGVSKVKE,111386,sp|P02666|CASB_BOVIN,Exp2,0
VVPPFLQPEVMGVSKVK,73941,sp|P02666|CASB_BOVIN,Exp2,0
LSLSQSKVLPVPQKAVPYPQRDMPIQAF,50237,sp|P02666|CASB_BOVIN,Exp2,0
DVENLHLPLP,81037,sp|P02666|CASB_BOVIN,Exp2,0
VVPPFLQPEVMGVSKVKEA,42217,sp|P02666|CASB_BOVIN,Exp2,0
VVPPFLQPEVMGVSKVKEAMAPKHK,54608,sp|P02666|CASB_BOVIN,Exp2,0
MPFPKYPVEPF,28952,sp|P02666|CASB_BOVIN,Exp2,0
VPPFLQPEVM,60944,sp|P02666|CASB_BOVIN,Exp2,0
VPPFLQPEVMGVSKV,89879,sp|P02666|CASB_BOVIN,Exp2,0
MPFPKYPVEPFTESQSL,226070,sp|P02666|CASB_BOVIN,Exp2,0
VPPFLQPEVMGVSKV,42778,sp|P02666|CASB_BOVIN,Exp2,0
GPVRGPFPIIV,962877,sp|P02666|CASB_BOVIN,Exp2,0
EMPFPKYPVEPFTESQSL,1354532,sp|P02666|CASB_BOVIN,Exp2,0
EPVLGPVRGPFPI,48830,sp|P02666|CASB_BOVIN,Exp2,0
GPFPIIV,417600,sp|P02666|CASB_BOVIN,Exp2,0
VVPPFLQPEVMGVSKVKEAMAPK,245405,sp|P02666|CASB_BOVIN,Exp2,0
VVPPFLQPEVMGVSKV,108488,sp|P02666|CASB_BOVIN,Exp2,0
VVPPFLQPEVMGVS,28351,sp|P02666|CASB_BOVIN,Exp2,0
HKEMPFPKYPVEPFTESQSLTLTDVENL,25163,sp|P02666|CASB_BOVIN,Exp2,0
VPPFLQPEVMGV,191090,sp|P02666|CASB_BOVIN,Exp2,0
LGPVRGPFPIIV,286175,sp|P02666|CASB_BOVIN,Exp2,0
EELNVPGEIVESLSSSEESITR,27551,sp|P02666|CASB_BOVIN,Exp2,0
EPVLGPVRGPFPII,213923,sp|P02666|CASB_BOVIN,Exp2,0
RELEELNVPGEIVESLSSSEESITR,80044,sp|P02666|CASB_BOVIN,Exp2,0
RELEELNVPGEIVESLSSSEESIT,15365,sp|P02666|CASB_BOVIN,Exp2,0
RELEELNVPGEIVESLSSSEESITRINK,94714,sp|P02666|CASB_BOVIN,Exp2,0
VVPPFLQPEVMGV,654695,sp|P02666|CASB_BOVIN,Exp2,0
PPFLQPEVMGV,11549,sp|P02666|CASB_BOVIN,Exp2,0
YQEPVLGPVRGPFPII,32461,sp|P02666|CASB_BOVIN,Exp2,0
EPVLGPVRGPFPIIV,524245,sp|P02666|CASB_BOVIN,Exp2,0
RELEELNVPGEIVESLSSSEESITRIN,36554,sp|P02666|CASB_BOVIN,Exp2,0
EELNVPGEIVESLSSSEESITRIN,23371,sp|P02666|CASB_BOVIN,Exp2,0
DVENLHLPLPLLQ,15205,sp|P02666|CASB_BOVIN,Exp2,0
YQEPVLGPVRGPFPIIV,69253,sp|P02666|CASB_BOVIN,Exp2,0
LYQEPVLGPVRGPFPIIV,55764,sp|P02666|CASB_BOVIN,Exp2,0
TLTDVENLHLPLPLLQ,17327,sp|P02666|CASB_BOVIN,Exp2,0
